LLM,Model,Performance,Cell Type
NT,CNN0.5,0.4519133024099877,HepG2
NT,CLS-MLP0.5,0.44541326348288196,HepG2
NT,Mean-embed-MLP0.5,0.4501627831947809,HepG2
NT,CNN2,0.4783302788883888,HepG2
NT,CLS-MLP2,0.4156789480755422,HepG2
NT,Mean-embed-MLP2,0.4418582845045509,HepG2
NT,CNN0.5,0.5459467627083958,K562
NT,CLS-MLP0.5,0.517027749112404,K562
NT,Mean-embed-MLP0.5,0.5156018612100772,K562
NT,CNN2,0.5555937068719031,K562
NT,CLS-MLP2,0.5045818191464099,K562
NT,Mean-embed-MLP2,0.5067294165178095,K562